,tp,fp,fn,precision,recall,f1
compound_id,107.5,12.5,0.0,0.9097222222222222,1.0,0.9523809523809523
smiles,28.0,92.0,79.5,0.3888888888888889,0.4117647058823529,0.39999999999999997
target_type,107.5,12.5,0.0,0.9097222222222222,1.0,0.9523809523809523
target_relation,107.5,12.5,0.0,0.9097222222222222,1.0,0.9523809523809523
target_value,33.0,87.0,74.5,0.19642857142857142,0.22448979591836735,0.2095238095238095
target_units,107.5,12.5,0.0,0.9097222222222222,1.0,0.9523809523809523
bacteria,73.5,46.5,34.0,0.4375,0.5,0.4666666666666667
