,tp,fp,fn,precision,recall,f1
compound_id,15.88888888888889,9.11111111111111,34.77777777777778,0.42141563251008524,0.4169538645345097,0.35973988271289753
smiles,0.6666666666666666,24.333333333333332,50.0,0.03333333333333333,0.027777777777777776,0.0303030303030303
target_type,16.666666666666668,8.333333333333334,34.0,0.4405406853682716,0.44870416322029233,0.38080399162593914
target_relation,19.88888888888889,5.111111111111111,30.77777777777778,0.4971411730032419,0.5121657016818307,0.43786413224403126
target_value,5.444444444444445,19.555555555555557,45.22222222222222,0.13107869142351902,0.20961538461538462,0.1472758215795053
target_units,4.222222222222222,20.77777777777778,46.44444444444444,0.1982905982905983,0.3148148148148148,0.2262305595638929
bacteria,9.0,16.0,41.666666666666664,0.18280778025905461,0.19716478264865359,0.16395633170736185
