,tp,fp,fn,precision,recall,f1
name_cocrystal,1.2307692307692308,1.5384615384615385,0.8461538461538461,0.45897435897435906,0.5692307692307692,0.49523809523809526
ratio_cocrystal,1.4615384615384615,1.3076923076923077,0.6153846153846154,0.6007326007326008,0.7153846153846154,0.6258241758241758
name_drug,1.4615384615384615,1.3076923076923077,0.6153846153846154,0.5435897435897437,0.6153846153846154,0.567032967032967
SMILES_drug,1.0,1.7692307692307692,1.0769230769230769,0.3494505494505495,0.46153846153846156,0.37087912087912084
name_coformer,1.0,1.7692307692307692,1.0769230769230769,0.34945054945054943,0.48717948717948717,0.38113553113553106
SMILES_coformer,1.5384615384615385,1.2307692307692308,0.5384615384615384,0.6468864468864469,0.7846153846153846,0.6785714285714286
photostability_change,0.9230769230769231,1.8461538461538463,1.1538461538461537,0.34945054945054943,0.48717948717948717,0.38113553113553106
